,count,directoryName,fileName,authcode,authname
0,1,,,,
1,2,aberdeencity_,aberdeencity_biweekly.py,S12000033,Aberdeen City
2,4,aberdeenshire_,aberdeenshire_biweekly.py,S12000034,Aberdeenshire
3,6,adur_,adur_biweekly.py,E07000223,Adur
4,8,allerdalebc_,allerdalebc_biweekly.py,E07000026,Allerdale
5,10,ambervalley_,ambervalley_biweekly.py,E07000032,Amber valley
6,12,angus_,angus_biweekly.py,S12000041,Angus
7,14,argyll_,argyll_biweekly.py,S12000035,Argyll and Bute
8,16,arun_,arun_biweekly.py,E07000224,Arun
9,18,ashfield_,ashfield_biweekly.py,E07000170,Ashfield
10,20,ashford_,ashford_biweekly.py,E07000105,Ashford
11,22,aylesburyvaledc_,aylesburyvaledc_biweekly.py,E06000060,Buckinghamshire
,,Chiltern and South Bucks,missing,E06000060,Buckinghamshire
,,Wycombe,missing,E06000060,Buckinghamshire
12,24,barnet_,barnet_biweekly.py,E09000003,Barnet
13,26,barnsley_,bransley_biweekly.py,E08000016,Barnsley
14,28,barrowbc_,barrowbc_biweekly.py,E07000027,Barrow-in-Furness
15,29,basildon_,basildon_biweekly.py,E07000066,Basildon
16,30,basingstoke_,basingstoke_biweekly.py,E07000084,Basingstoke and Deane
17,31,bassetlaw_,bassetlaw_biweekly.py,E07000171,Bassetlaw
18,33,bathnes_,bathnes_biweekly.py,E06000022,Bath and North East Somerset
19,35,befirst_,befirst_biweekly.py,E09000002,Barking and Dagenham
20,36,bexley_,bexley_biweekly.py,E09000004,Bexley
21,37,birmingham_,birmingham_biweekly.py,E08000025,Birmingham
22,38,blaby_,blaby_biweekly.py,E07000129,Blaby
23,39,blackburn_,blackburn_biweekly.py,E06000008,Blackburn with Darwen
24,41,blackpool_,blackpool_biweekly.py,E06000009,Blackpool
25,43,bolsover_,bolsover_biweekly.py,E07000033,Bolsover
26,45,bolton_,bolton_biweekly.py,E08000001,Bolton
27,46,bournemouth_,bournemouth_biweekly.py,E06000058,"Bournemouth, Christchurch and Poole"
28,47,bracknell_forest_,bracknell_forest_biweekly.py,E06000036,Bracknell Forest
29,48,bradford_,bradford_biweekly.py,E08000032,Bradford
30,49,braintree_,braintree_biweekly.py,E07000067,Braintree
31,50,breckland_,breckland_biweekly.py,E07000143,Breckland
32,52,brentwood_,brentwood_biweekly.py,E07000068,Brentwood
33,54,brent_,brent_biweekly.py,E09000005,Brent
34,56,bridgend_,bridgend_biweekly.py,W06000013,Bridgend
35,58,brighton_hove_,brighton_hove_biweekly.py,E06000043,Brighton and Hove
36,59,bristol_,bristol_biweekly.py,E06000023,"Bristol, City of"
37,60,broadland_,broadland_biweekly.py,E07000144,Broadland
38,61,bromley_,bromley_biweekly.py,E09000006,Bromley
39,62,bromsgroveandredditch_,bromsgroveandredditch_biweekly.py,E07000234,Bromsgrove
40,64,broxbourne_,broxbourne_biweekly.py,E07000095,Broxbourne
41,65,broxtowe_,broxtowe_biweekly.py,E07000172,Broxtowe
42,67,burnley_,burnley_biweekly.py,E07000117,Burnley
43,69,bury_,bury_biweekly.py,E08000002,Bury
44,71,caerphilly_,caerphilly_biweekly.py,W06000018,Caerphilly
45,73,calderdale_,calderdale_biweekly.py,E08000033,Calderdale
46,74,cambridgeshire_,cambridgeshire_biweekly.py,E07000008,Cambridge
47,76,camden_,camden_biweekly.py,E09000007,Camden
48,78,cannock_,cannock_biweekly.py,E07000192,Cannock Chase
49,80,canterbury_,canterbury_biweekly.py,E07000106,Canterbury
50,82,cardiff_,cardiff_biweekly.py,W06000015,Cardiff
51,83,carlisle_,carlisle_biweekly.py,E07000028,Carlisle
52,85,carmarthenshire_,carmarthenshire_biweekly.py,W06000010,Carmarthenshire
53,86,castlepoint_,castlepoint_biweekly.py,E07000069,Castle Point
54,88,centralbedfordshire_,centralbedfordshire_biweekly.py,E06000055,Bedford
55,90,centralbedfordshire_r,centralbedfordshire_biweekly.py,E06000056,Central Bedfordshire
56,91,ceredigon_,ceredigion_biweekly.py,W06000008,Ceredigion
57,93,charnwood_,charnwood_biweekly.py,E07000130,Charnwood
58,95,chelmsford_,chelmsford_biweekly.py,E07000070,Chelmsford
59,96,cheltenham_,cheltenham_biweekly.py,E07000078,Cheltenham
60,97,cherwell_,cherwell_biweekly.py,E07000177,Cherwell
61,98,cheshireeast_,cheshirest_biweekly.py,E06000049,Cheshire East
62,99,cheshirewestandchester_,cheshirewestandchester_biweekly.py,E06000050,Cheshire West and Chester
63,100,chesterfield_,chesterfield_biweekly.py,E07000034,Chesterfield
64,101,chichester_,chichester_biweekly.py,E07000225,Chichester
65,103,chorley_,chorley_biweekly.py,E07000118,Chorley
66,105,cityoflondon_,cityoflondon_biweekly.py,E09000001,City of London
67,107,civicacx_,civicacx_biweekly.py,E07000036,Erewash
68,109,clacks_,clacks_biweekly.py,S12000005,Clackmannanshire
69,111,cne_siar_,cne_siar_biweekly.py,S12000013,West Island Council
70,113,colchester_,colchester_biweekly.py,E07000071,Colchester
71,114,conwy_,conwy_biweekly.py,W06000003,Conwy
72,116,copeland_,copeland_biweekly.py,E07000029,Copeland
73,117,cornwall_,cornwall_biweekly.py,E06000052,Cornwall
74,120,coventry_,coventry_biweekly.py,E08000026,Coventry
75,122,cravendc_,cravendc_biweekly.py,E07000163,Craven
76,124,crawley_,crawley_biweekly.py,E07000226,Crawley
77,126,croydon_,croydon_biweekly.py,E09000008,Croydon
78,127,dacorum_,dacorum_biweekly.py,E07000096,Dacorum
79,128,darlington_,darlington_biweekly.py,E06000005,Darlington
80,130,dartford_,dartford_biweekly.py,E07000107,Dartford
81,131,daventry_,daventry_biweekly.py,E07000151,Daventry District Council
82,133,denbighshire_,denbighshire_biweekly.py,W06000004,Denbighshire
83,135,derbyshire_,derbyshire_biweekly.py,E07000035,Derbyshire Dales
84,136,derby_,derby_biweekly.py,E06000015,Derby
85,137,doncaster_,doncaster_biweekly.py,E08000017,Doncaster
86,139,dorset_,dorsetcouncil_biweekly.py,E06000059,Dorset
87,141,dover_,dover_biweekly.py,E07000108,Dover
88,142,dudley_,dudley_biweekly.py,E08000027,Dudley
89,143,dumgal_,dumgal_biweekly.py,S12000006,Dumfries and Galloway
90,145,dundeecity_,dundeecity_biweekly.py,S12000042,Dundee City
91,147,durham_,durham_biweekly.py,E06000047,County Durham
92,149,ealing_,ealing_biweekly.py,E09000009,Ealing
93,150,eastcambs_,eastcambs_biweekly.py,E07000009,East Cambridgeshire
94,152,eastdevon_,eastdevon_biweekly.py,E07000040,East Devon
95,153,eastdunbarton_,eastdunbarton_biweekly.py,S12000045,East Dunbartonshire
96,155,easthants_,easthants_biweekly.py,E07000085,East Hampshire
97,157,eastherts_,eastherts_biweekly.py,E07000242,East Hertfordshire
98,158,eastleigh_,eastleigh_biweekly.py,E07000086,Eastleigh
99,160,eastlothian_,eastlothian_biweekly.py,S12000010,East Lothian
100,161,eastrenfrewshire_,eastrenfrewshire_biweekly.py,S12000011,East Renfrewshire
101,163,eastriding_,eastriding_biweekly.py,E06000011,East Riding of Yorkshire
102,164,eaststaffsbc_,eaststaffbc_biweekly.py,E07000193,East Staffordshire
103,166,eastsuffolk_,eastsuffolk_biweekly.py,E07000244,East Suffolk
104,167,east_ayrshire_,east_ayrshire_biweekly.py,S12000008,East Ayrshire
105,168,east_northamptonshire_,east_northamptonshire_biweekly.py,E06000061,North Northamptonshire
106,170,eden_,eden_biweekly.py,E07000030,Eden
107,172,edinbugh_,edinbugh_biweekly.py,S12000036,City of Edinburgh
108,174,elmbridge_,elmbridge_biweekly.py,E07000207,Elmbridge
109,176,enfield_,enfield_biweekly.py,E09000010,Enfield
110,177,epsom_ewell_,epsom_ewell_biweekly.py,E07000208,Epsom and Ewell
111,179,exeter_,exeter_biweekly.py,E07000041,Exeter
112,181,e_lindsey_,e_lindsey_biweekly.py,E07000137,East Lindsey
113,183,falkirk_,falkirk_biweekly.py,S12000014,Falkirk
114,185,fareham_,fareham_biweekly.py,E07000087,Fareham
115,187,fdean_,fdean_biweekly.py,E07000080,Forest of Dean
116,189,fenland_,fenland_biweekly.py,E07000010,Fenland
117,190,fife_,fife_biweekly.py,S12000047,Fife
118,191,flintshire_,flintshire_biweekly.py,W06000005,Flintshire
119,192,folkestonehythedc_,folkestonehythedc_biweekly.py,E07000112,Folkestone and Hythe
120,193,forestdc_,forestdc_biweekly.py,E07000072,Epping Forest
121,195,fylde_,fylde_biweekly.py,E07000119,Fylde
122,196,gateshead_,gateshead_biweekly.py,E08000037,Gateshead
123,198,gedling_,gedling_biweekly.py,E07000173,Gedling
124,200,glasgow_,glasgow_biweekly.py,S12000049,Glasgow City
125,202,gloucestershire_,gloucestershire_biweekly.py,E07000081,Gloucester
126,204,gosport_,gosport_biweekly.py,E07000088,Gosport
127,206,gravesham_,gravesham_biweekly.py,E07000109,Gravesham
128,207,greatercambridge_,greatercambridge_biweekly.py,E07000012,South Cambridgeshire
129,208,guildford_,guildford_biweekly.py,E07000209,Guildford
130,209,gwynedd_,gwynedd_biweekly.py,W06000002,Gwynedd
131,211,hackney_,hackney_biweekly.py,E09000012,Hackney
132,213,halton_,halton_biweekly.py,E06000006,Halton
133,215,hambleton_,hambleton_biweekly.py,E07000164,Hambleton
134,217,harborough_,harborough_biweekly.py,E07000131,Harborough
135,219,haringey_,haringey_biweekly.py,E09000014,Haringey
136,221,harlow_,harlow_biweekly.py,E07000073,Harlow
137,223,harrogate_,harrogate_biweekly.py,E07000165,Harrogate
138,224,harrow_,harrow_biweekly.py,E09000015,Harrow
139,225,hartlepool_,hartlepool_biweekly.py,E06000001,Hartlepool
140,227,hart_,hart_biweekly.py,E07000089,Hart
141,228,hastings_,hastings_biweekly.py,E07000062,Hastings
142,230,havant_,havant_biweekly.py,E07000090,Havant
143,231,havering_,havering_biweekly.py,E09000016,Havering
144,232,hertfordshire_,hertfordshire_biweekly.py,E06000019,"Herefordshire, County of"
145,233,hertsmere_,hertsmere_biweekly.py,E07000098,Hertsmere
146,234,highland_,highland_biweekly.py,S12000017,Highland
147,235,highpeak_,highpeak_biweekly.py,E07000037,High Peak
148,236,hillingdon_,hillingdon_biweekly.py,E09000017,Hillingdon
149,237,hinckley_,hinckley_biweekly.py,E07000132,Hinckley and Bosworth
150,239,horsham_,horsham_biweekly.py,E07000227,Horsham
151,240,hounslow_,hounslow_biweekly.py,E09000018,Hounslow
152,242,hull_,hull_biweekly.py,E06000010,"Kingston upon Hull, City of"
153,244,huntingdonshire_,huntingdonshire_biweekly.py,E07000011,Huntingdonshire
154,245,inverclyde_,inverclyde_biweekly.py,S12000018,Inverclyde
155,246,ioacc_,ioacc_biweekly.py,W06000001,Isle of Anglesey
156,248,ipswich_,ipswich_biweekly.py,E07000202,Ipswich
157,250,islandecho_,islandecho_biweekly.py,E06000046,Isle of Wight
158,251,islington_,islington_biweekly.py,E09000019,Islington
159,253,kesteven_,kesteven_biweekly.py,E07000139,North Kesteven
160,255,kingston_,kingston_biweekly.py,E09000021,Kingston upon Thames
161,256,kirklees_,kirklees_biweekly.py,E08000034,Kirklees
162,257,knowsley_,knowsley_biweekly.py,E08000011,Knowsley
163,259,lambeth_,lambeth_biweekly.py,E09000022,Lambeth
164,260,lancashire_,lancashire_biweekly.py,E07000127,West Lancashire
165,262,lancaster_,lancaster_biweekly.py,E07000121,Lancaster
166,263,lbhf_,lbhf_biweekly.py,E09000013,Hammersmith and Fulham
167,265,leicestshire_,leicestshire_biweekly.py,E06000016,Leicester
168,267,lewes_eastbourne_,lewes_eastbourne_biweekly.py,E07000061,Eastbourne
169,269,lewisham_,lewisham_biweekly.py,E09000023,Lewisham
170,270,lichfielddc_,lichfielddc_biweekly.py,E07000194,Lichfield
171,272,lincoln_,lincoln_biweekly.py,E07000138,Lincoln
172,273,liverpool_,liverpool_biweekly.py,E08000012,Liverpool
173,275,luton_,luton_biweekly.py,E06000032,Luton
174,276,maldon_,maldon_biweekly.py,E07000074,Maldon
175,277,malvernhills_,malvernhills_biweekly.py,E07000235,Malvern Hills
176,279,manchester_,manchester_biweekly.py,E08000003,Manchester
177,281,mansfield_,mansfield_biweekly.py,E07000174,Mansfield
178,282,medway_,medway_biweekly.py,E06000035,Medway
179,283,melton_,melton_biweekly.py,E07000133,Melton
180,285,mendip_,mendip_biweekly.py,E07000187,Mendip
181,286,merthyr_,merthyr_biweekly.py,W06000024,Merthyr Tydfil
182,288,merton_,merton_biweekly.py,E09000024,Merton
183,290,middevon_,midevon_biweekly.py,E07000042,Mid Devon
184,292,middlesborough_,middlesborough_biweekly.py,E06000002,Middlesbrough
185,294,midkent_,midkent_biweekly.py,E07000116,Tunbridge Wells
186,296,midlothian_,midlothian_biweekly.py,S12000019,Midlothian
187,298,midsuffolk_,baberghmidsuffolk_biweekly.py,E07000200,Babergh Mid Suffolk
188,300,midsussex_,midsussex_biweekly.py,E07000228,Mid Sussex
189,301,milton_keynes_,milton_keynes_biweekly.py,E06000042,Milton Keynes
190,303,molevalley_,molevalley_biweekly.py,E07000210,Mole Valley
191,305,monmouthshire_,monmouthshire_biweekly.py,W06000021,Monmouthshire
192,306,moray_,moray_biweekly.py,S1200002,Moray
193,307,myboston_,myboston_biweekly.py,E07000136,Boston
194,308,newark_,newark_biweekly.py,E07000175,Newark and Sherwood
195,309,newcastle_,newcastle_biweekly.py,E08000021,Newcastle upon Tyne
196,311,newforest_,newforest_biweekly.py,E07000091,New Forest
197,312,newham_,newham_biweekly.py,E09000025,Newham
198,313,newport_,newport_biweekly.py,W06000022,Newport
199,315,newscastle_staffs_,newscastle_staffs_biweekly.py,E07000195,Newcastle-under-Lyme
200,317,ne_derbyshire_,ne_derbyshire_biweekly.py,E07000038,North East Derbyshire
201,319,nnpa_,nnpa_biweekly.py,E06000057,Northumberland
202,320,norfolk_,norfolk_biweekly.py,E07000147,North Norfolk
203,321,northdevon_,northdevon_biweekly.py,E07000043,North Devon
204,323,northhamptonboroughcouncil_,northamptonboroughcouncil_biweekly.py,E06000061,North Northamptonshire
,,daventry_,missing,E06000062,West Northamptonshire Council
,,Nothampton,missing ,E06000062,West Northamptonshire Council
,,South Northamptonshire,missing,E06000062,West Northamptonshire Council
205,325,northlanarkshire_,northlanarkshire_biweekly.py,S12000050,North Lanarkshire
206,326,northlincs_,northlincs_biweekly.py,E06000013,North Lincolnshire
207,328,northtyneside_,northtyneside_biweekly.py,E08000022,North Tyneside
208,330,northwarks_,northwarks_biweekly.py,E07000218,North Warwickshire
209,332,northyorkmovers_,northyorkmovers_biweekly.py,E26000005,North York Moors National Park
210,334,north_ayrshire_,north_ayrshire_biweekly.py,S12000021,North Ayrshire
211,336,north_herts_,north_herts_biweekly.py,E07000099,North Hertfordshire
212,337,norwich_,norwich_biweekly.py,E07000148,Norwich
213,339,nottinghamshire_,nottinghamshire_biweekly.py,E06000018,Nottingham
214,341,npt_,npt_biweekly.py,W06000012,Neath Port Talbot
215,343,nwleics_,nwleics_biweekly.py,E07000134,North West Leicestershire
216,345,oadby_,oadby_biweekly.py,E07000135,Oadby and Wigston
217,349,orkney_,orkney_biweekly.py,S12000023,Orkney Islands
218,351,oxford_,oxford_biweekly.py,E07000178,Oxford
219,352,pembrokeshire_,pembrokeshire_biweekly.py,W06000009,Pembrokeshire
220,354,pendle_,pendle_biweekly.py,E07000122,Pendle
221,356,peterborough_,peterborough_biweekly.py,E06000031,Peterborough
222,358,pkc_,pkc_biweekly.py,S12000048,Perth and Kinross
223,360,plymouth_,plymouth_biweekly.py,E06000026,Plymouth
224,361,portsmouth_,portsmouth_biweekly.py,E06000044,Portsmouth
225,362,powys_,powys_biweekly.py,W06000023,Powys
226,363,preston_,preston_biweekly.py,E07000123,Preston
227,364,rbkc_,rbkc_biweekly.py,E09000020,Royal borough of Kensington and Chelsea
228,366,rbwm_,rbwm_biweekly.py,E06000040,Windsor and Maidenhead
229,368,rctcbc_,rctcbc_biweekly.py,W06000016,Rhondda Cynon Taf
230,370,reading_,reading_biweekly.py,E06000038,Reading
231,372,redbridge_,redbridge_biweekly.py,E09000026,Redbridge
232,374,redditch_,redditch_biweekly.py,E07000236,Redditch
233,375,red_car_,red_car_biweekly.py,E06000003,Redcar and Cleveland
234,377,reigate_banstead_,reigate_banstead_biweekly.py,E07000211,Reigate and Banstead
235,379,renfrewshire_,renfrewshire_biweekly.py,S12000038,Renfrewshire
236,381,ribblevalley_,ribblevalley_biweekly.py,E07000124,Ribble Valley
237,383,richmondshire_,richmondshire_biweekly.py,E07000166,Richmondshire
238,385,richmond_,richmond_biweekly.py,E09000027,Richmond upon Thames
239,387,rochdale_,rochdale_biweekly.py,E08000005,Rochdale
240,389,rochford_,rochford_biweekly.py,E07000075,Rochford
241,391,rossendale_,rossendale_biweekly.py,E07000125,Rossendale
242,393,rotherham_,rotherham_biweekly.py,E08000018,Rotherham
243,395,rother_,rother_biweekly.py,E07000064,Rother
244,397,royalgreenwich_,royalgreenwich__biweekly.py,E09000011,Greenwich
245,398,rugby_,rugby_biweekly.py,E08000018,Rotherham
246,400,runnymede_,runnymede_biweekly.py,E07000212,Runnymede
247,401,rushcliffe_,rushcliffe_biweekly.py,E07000176,Rushcliffe
248,402,rushmoor_,rushmoor_biweekly.py,E07000092,Rushmoor
249,404,rutland_,rutland_biweekly.py,E06000017,Rutland
250,405,ryedale_,ryedale_biweekly.py,E07000167,Ryedale
251,406,salford_,salford_biweekly.py,E08000006,Salford
252,407,sandwell_,sandwell_biweekly.py,E08000028,Sandwell
253,408,scarborough_,scarborough_biweekly.py,E07000168,Scarborough
254,409,scilly_,scilly_biweekly.py,E06000053,Isles of Scilly
255,410,scotborders_,scotborders_biweekly.py,S12000026,Scottish Borders
256,411,sedgemoor_,sedgemoor_biweekly.py,E07000188,Sedgemoor
257,412,sefton_,sefton_biweekly.py,E08000014,Sefton
258,413,selby_,selby_biweekly.py,E07000169,Selby
259,414,sevenoaks_,sevenoaks_biweekly.py,E07000111,Sevenoaks
260,415,sheffield_,sheffield_biweekly.py,E08000019,Sheffield
261,416,shetland_,shetland_biweekly.py,S12000027,Shetland Islands
262,417,sholland_,sholland_biweekly.py,E07000140,South Holland
263,418,shropshire_,shropshire_biweekly.py,E06000051,Shropshire
264,419,slough_,slough_biweekly.py,E06000039,Slough
265,420,snowdonia_,snowdonia_biweekly.py,W18000003,Snowdonia National Park
266,421,solihull_,solihull_biweekly.py,E08000029,Solihull
267,422,somerset_,somerset_biweekly.py,E06000024,North Somerset
268,423,somerset_westandtaunton_,somerset_westandtaunton_biweekly.py,E07000246,Somerset West and Taunton
269,424,southampton_,southampton_biweekly.py,E06000045,Southampton
270,425,southderbyshire_,southderbyshire_biweekly.py,E07000039,South Derbyshire
271,426,southend_,southend_biweekly.py,E06000033,Southend-on-Sea
272,427,southglos_,southglos_biweekly.py,E06000025,South Gloucestershire
273,428,southhams_,southhams_biweekly.py,E07000044,South Hams
274,429,southkesteven_,southkesteven_biweekly.py,E07000141,South Kesteven
275,431,southlakeland_,southlakeland_biweekly.py,E07000031,South Lakeland
276,432,southlanarkshire_,southlanarkshire_biweekly.py,S12000029,South Lanarkshire
277,433,southoxon_,southoxon_biweekly.py,E07000179,South Oxfordshire
278,434,southribble_,southribble_biweekly.py,E07000126,South Ribble
279,435,southsomerset_,southsomerset_biweekly.py,E07000189,South Somerset
280,436,southwark_,southwark_biweekly.py,E09000028,Southwark
281,437,south_ayrshire_,south_ayrshire_biweekly.py,S12000028,South Ayrshire
282,438,south_norfolk_,south_norfolk_biweekly.py,E07000149,South Norfolk
283,439,soythtyneside_,southtyneside_biweekly.py,E08000023,South Tyneside
284,440,spelthrone_,spelthrone_biweekly.py,E07000213,Spelthorne
285,441,splethrone_r,spelthrone_biweekly.py,E07000213,Spelthorne
286,442,sstaffs_,sstaffs_biweekly.py,E07000196,South Staffordshire
287,443,staffmoorlands_,staffmoorlands_biweekly.py,E07000198,Staffordshire Moorlands
288,444,stevenage_,stevenage_biweekly.py,E07000243,Stevenage
289,445,sthelens_,sthelens_biweekly.py,E08000013,St. Helens
290,446,stirling_,stirling_biweekly.py,S12000030,Stirling
291,447,stockport_,stockport_biweekly.py,E08000007,Stockport
292,448,stockton_,stockton_biweekly.py,E06000004,Stockton-on-Tees
293,449,stoke_,stoke_biweekly.py,E06000021,Stoke-on-Trent
294,450,stratford_,stratford_biweekly.py,E07000221,Stratford-on-Avon
295,451,stroud_,stroud_biweekly.py,E07000082,Stroud
296,452,sunderland_,sunderland_biweekly.py,E08000024,Sunderland
297,453,surreyhealth_,surreyhealth_biweekly.py,E07000214,Surrey Heath
298,454,sutton_,sutton_biweekly.py,E09000029,Sutton
299,455,swansea_,swansea_biweekly.py,W06000011,Swansea
300,456,swindon_,swindon_biweekly.py,E06000030,Swindon
301,457,tameside_,tameside_biweekly.py,E08000008,Tameside
302,458,tamworth_,tamworth_biweekly.py,E07000199,Tamworth
303,459,tandridge_,tandridge_biweekly.py,E07000215,Tandridge
304,461,telford_,telford_biweekly.py,E06000020,Telford and Wrekin
305,462,tendringdc_,tendringdc_biweekly.py,E07000076,Tendring
306,463,testvalley_,testvalley_biweekly.py,E07000093,Test Valley
307,464,tewkesbury_,tewkesbury_biweekly.py,E07000083,Tewkesbury
308,465,thanet_,thanet_biweekly.py,E07000114,Thanet
309,466,threerivers_,threerivers_biweekly.py,E07000102,Three Rivers
310,467,thurrock_,thurrock_biweekly.py,E06000034,Thurrock
311,468,tmbc_,tmbc_biweekly.py,E07000115,Tonbridge and Malling
312,469,torbay_,torbay_biweekly.py,E06000027,Torbay
313,470,torfaen_,torfaen_biweekly.py,W06000020,Torfaen
314,471,torridge_,torridge_biweekly.py,E07000046,Torridge
315,472,towerhamlets_,towerhamlets_biweekly.py,E09000030,Tower Hamlets
316,473,trafford_,trafford_biweekly.py,E08000009,Trafford
317,474,uttlesford_,uttlesford_biweekly.py,E07000077,Uttlesford
318,475,vogonline_,vogonline_biweekly.py,W06000014,Vale of Glamorgan
319,476,wakefield_,wakefield_biweekly.py,E08000036,Wakefield
320,477,walsall_,walsall_biweekly.py,E08000030,Walsall
321,478,walthamforest_,walthamforest_biweekly.py,E09000031,Waltham Forest
322,479,wandsworth_,wandsworth_biweekly.py,E09000032,Wandsworth
323,480,warrington_,warrington_biweekly.py,E06000007,Warrington
324,481,warwickdc_,warwickdc_biweekly.py,E07000222,Warwick
325,482,watford_,watford_biweekly.py,E07000103,Watford
326,483,wealdon_,wealdon_biweekly.py,E07000065,Wealden
327,485,welhat_,welhat_biweekly.py,E07000241,Welwyn and Hatfield
328,486,westberks_,westberks_biweekly.py,E06000037,West Berkshire
329,487,westdevon_,westdevon_biweekly.py,E07000047,West Devon
330,489,westlancs_,westlancs_biweekly.py,E07000127,West Lancashire
331,491,westlothian_,westlothian_biweekly.py,S12000040,West Lothian
332,492,westminster_,westminster_biweekly.py,E09000033,Westminster
333,493,westoxon_,westoxon_biweekly.py,E07000181,West Oxfordshire
334,494,westsuffolk_,westsuffolk_biweekly.py,E07000245,West Suffolk
335,495,west_dunbarton_,dunbarton_biweekly.py,S12000039,West Dunbartonshire
336,496,west_lindsey_,west_lindsey_biweekly.py,E07000142,West Lindsey
337,497,west_norfolk_,westnorfolk_biweekly.py,W06000022,"""Kings Lynn and West Norfolk"""
338,498,whitehorsedc_,whitehorsedc_biweekly.py,E07000180,Vale of White Horse
339,499,wigan_,wigan_biweekly.py,E08000010,Wigan
340,500,wigston_,wigston_biweekly.py,E07000135,Oadby and Wigston
341,501,wiltshire_,wiltshire_biweekly.py,E06000054,Wiltshire
342,502,winchester_,winchester_biweekly.py,E07000094,Winchester
343,503,wirral_,wirral_biweekly.py,E08000015,Wirral
344,504,wokingham_,wokingham_biweekly.py,E06000041,Wokingham
345,505,woking_,woking_biweekly.py,E07000217,Woking
346,506,wolverhampton_,wolverhampton_biweekly.py,E08000031,Wolverhampton
347,507,worcestshire_,worcestshire_biweekly.py,E07000237,Worcester City Council
348,509,wrexham_,wrexham_biweekly.py,W06000006,Wrexham
349,511,wychavon_,wychavon_biweekly.py,E07000238,Wychavon
350,512,wyre_,wyre_biweekly.py,E07000128,Wyre
351,513,yarmouth_,yarmouth_biweekly.py,E07000145,Great Yarmouth
352,515,york_,york_biweekly.py,E06000014,York
