AuthorityCode,AuthorityName,CorrectAuthorityName,MainURL
S12000033,Aberdeen City,Aberdeen City,https://publicaccess.aberdeencity.gov.uk/online-applications/
S12000034,Aberdeenshire,Aberdeenshire,https://upa.aberdeenshire.gov.uk/online-applications/
E07000223,Adur,Adur,https://planning.adur-worthing.gov.uk/online-applications/
S12000041,Angus,Angus,https://planning.angus.gov.uk/online-applications/
S12000035,Argyll and Bute,Argyll and Bute,https://publicaccess.argyll-bute.gov.uk/online-applications/
E06000060,Aylesbury Vale,Aylesbury Vale,https://publicaccess.aylesburyvaledc.gov.uk/online-applications/
E07000200,Babergh Mid Suffolk,Babergh Mid Suffolk,https://planning.baberghmidsuffolk.gov.uk/online-applications/
E09000003,Barnet,Barnet,https://publicaccess.barnet.gov.uk/online-applications/
E07000066,Basildon,Basildon,https://planning.basildon.gov.uk/online-applications/
E07000084,Basingstoke and Deane,Basingstoke and Deane,https://planning.basingstoke.gov.uk/online-applications/
E07000171,Bassetlaw,Bassetlaw,https://publicaccess.bassetlaw.gov.uk/online-applications/
E06000055,Bedford,Bedford,https://publicaccess.bedford.gov.uk/online-applications/
E09000004,Bexley,Bexley,https://pa.bexley.gov.uk/online-applications/
E07000129,Blaby,Blaby,https://pa.blaby.gov.uk/online-applications/
E06000009,Blackpool,Blackpool,https://idoxpa.blackpool.gov.uk/online-applications/
E07000033,Bolsover,Bolsover,https://publicaccess.bolsover.gov.uk/online-applications/
E08000001,Bolton,Bolton,https://paplanning.bolton.gov.uk/online-applications/
E06000036,Bracknell Forest,Bracknell Forest,https://planapp.bracknell-forest.gov.uk/online-applications/
E08000032,Bradford,Bradford,https://planning.bradford.gov.uk/online-applications/
E07000067,Braintree,Braintree,https://publicaccess.braintree.gov.uk/online-applications/
W22000023,Brecon Beacons,Brecon Beacons National Park Authority,https://planningonline.beacons-npa.gov.uk/online-applications/
E09000005,Brent,Brent,https://pa.brent.gov.uk/online-applications/
E07000068,Brentwood,Brentwood,https://publicaccess.brentwood.gov.uk/online-applications/
E06000043,Brighton and Hove,Brighton and Hove,https://planningapps.brighton-hove.gov.uk/online-applications/
E06000023,Bristol, City of,Bristol, City of,https://pa.bristol.gov.uk/online-applications/
E26000007,Broads,Broads National Park Authority,https://planning.broads-authority.gov.uk/online-applications/
E07000144,Broadland,Broadland,https://planning.broads-authority.gov.uk/online-applications/
E09000006,Bromley,Bromley,https://searchapplications.bromley.gov.uk/online-applications/
E07000234,Bromsgrove,Bromsgrove,https://publicaccess.bromsgroveandredditch.gov.uk/online-applications/
E06000060,Buckinghamshire,Buckinghamshire,https://publicaccess.aylesburyvaledc.gov.uk/online-applications/
E07000117,Burnley,Burnley,https://publicaccess.burnley.gov.uk/online-applications/
E08000002,Bury,Bury,https://planning.bury.gov.uk/online-applications/
W06000018,Caerphilly,Caerphilly,https://planningonline.caerphilly.gov.uk/PublicAccess/
S21000003,Cairngorms,Cairngorms National Park Authority,https://www.eplanningcnpa.co.uk/online-applications/
E08000033,Calderdale,Calderdale,https://portal.calderdale.gov.uk/online-applications/
E07000008,Cambridgeshire,Cambridgeshire,https://planning.cambridgeshire.gov.uk/online-applications/
E07000106,Canterbury,Canterbury,https://pa.canterbury.gov.uk/online-applications/
W06000015,Cardiff,Cardiff,https://www.cardiffidoxcloud.wales/publicaccess/
E07000028,Carlisle,Carlisle,https://publicaccess.carlisle.gov.uk/online-applications/
E07000069,Castle Point,Castle Point,https://publicaccess.castlepoint.gov.uk/online-applications/
E07000070,Chelmsford,Chelmsford,https://publicaccess.chelmsford.gov.uk/online-applications/
E07000078,Cheltenham,Cheltenham,https://publicaccess.cheltenham.gov.uk/online-applications/
E06000050,Cheshire West and Chester,Cheshire West and Chester,https://pa.cheshirewestandchester.gov.uk/online-applications/
E07000034,Chesterfield,Chesterfield,https://publicaccess.chesterfield.gov.uk/online-applications/
E07000225,Chichester,Chichester,https://publicaccess.chichester.gov.uk/online-applications/
E06000060,Chiltern,Chiltern South Bucks,https://pa.chilternandsouthbucks.gov.uk/online-applications/
E07000118,Chorley,Chorley,https://planning.chorley.gov.uk/online-applications/
S12000036,City of Edinburgh,City of Edinburgh,https://citydev-portal.edinburgh.gov.uk/idoxpa-web/
E09000001,City of London,City of London,https://www.planning2.cityoflondon.gov.uk/online-applications/
S12000005,Clackmannanshire,Clackmannanshire,https://publicaccess.clacks.gov.uk/publicaccess/
S12000013,Comhairle nan Eilean Siar,Comhairle nan Eilean Siar,https://planning.cne-siar.gov.uk/PublicAccess/
E06000061,Corby,Corby,https://publicaccess.corby.gov.uk/publicaccess/
E06000052,Cornwall,Cornwall,https://planning.cornwall.gov.uk/online-applications/
E07000079,Cotswold,Cotswold,https://publicaccess.cotswold.gov.uk/online-applications/
E06000047,County Durham,County Durham,https://publicaccess.durham.gov.uk/online-applications/
E07000163,Craven,Craven,https://publicaccess.cravendc.gov.uk/online-applications/
E09000008,Croydon,Croydon,https://publicaccess3.croydon.gov.uk/online-applications/
E07000096,Dacorum,Dacorum,https://planning.dacorum.gov.uk/publicaccess/
E06000005,Darlington,Darlington,https://publicaccess.darlington.gov.uk/online-applications/
E07000107,Dartford,Dartford,https://publicaccess.dartford.gov.uk/online-applications/
E06000015,Derby,Derby,https://eplanning.derby.gov.uk/online-applications/
E07000035,Derbyshire Dales,Derbyshire Dales,https://planning.derbyshiredales.gov.uk/online-applications/
E08000017,Doncaster,Doncaster,https://planning.doncaster.gov.uk/online-applications/
E07000108,Dover,Dover,https://publicaccess.dover.gov.uk/online-applications/
S12000006,Dumfries and Galloway,Dumfries and Galloway,https://eaccess.dumgal.gov.uk/online-applications/
S12000042,Dundee City,Dundee City,https://idoxwam.dundeecity.gov.uk/idoxpa-web/
E06000047,Durham,Durham,https://publicaccess.durham.gov.uk/online-applications/
E09000009,Ealing,Ealing,https://pam.ealing.gov.uk/online-applications/
S12000008,East Ayrshire,East Ayrshire,https://eplanning.east-ayrshire.gov.uk/online/
E07000009,East Cambridgeshire,East Cambridgeshire,https://pa.eastcambs.gov.uk/online-applications/
E07000040,East Devon,East Devon,https://planning.eastdevon.gov.uk/online-applications/
S12000045,East Dunbartonshire,East Dunbartonshire,https://planning.eastdunbarton.gov.uk/online-applications/
E07000085,East Hampshire,East Hampshire,https://planningpublicaccess.easthants.gov.uk/online-applications/
E07000242,East Hertfordshire,East Hertfordshire,https://publicaccess.eastherts.gov.uk/online-applications/
E07000137,East Lindsey,East Lindsey,https://publicaccess.e-lindsey.gov.uk/online-applications/
S12000010,East Lothian,East Lothian,https://pa.eastlothian.gov.uk/online-applications/
E06000061,East Northamptonshire,East Northamptonshire,https://publicaccess.east-northamptonshire.gov.uk/online-applications/
S12000011,East Renfrewshire,East Renfrewshire,https://ercbuildingstandards.eastrenfrewshire.gov.uk/buildingstandards/
E06000011,East Riding of Yorkshire,East Riding of Yorkshire,https://newplanningaccess.eastriding.gov.uk/newplanningaccess/
E07000244,East Suffolk,East Suffolk,https://publicaccess.eastsuffolk.gov.uk/online-applications/
E09000010,Enfield,Enfield,https://planningandbuildingcontrol.enfield.gov.uk/online-applications/
E07000208,Epsom and Ewell,Epsom and Ewell,https://eplanning.epsom-ewell.gov.uk/online-applications/
E07000041,Exeter,Exeter,https://publicaccess.exeter.gov.uk/online-applications/
S12000014,Falkirk,Falkirk,https://edevelopment.falkirk.gov.uk/online/
E07000010,Fenland,Fenland,https://www.publicaccess.fenland.gov.uk/publicaccess/
S12000047,Fife,Fife,https://planning.fife.gov.uk/online/
E07000080,Forest of Dean,Forest of Dean,https://publicaccess.fdean.gov.uk/online-applications/
E08000037,Gateshead,Gateshead,https://public.gateshead.gov.uk/online-applications/
E07000173,Gedling,Gedling,https://pawam.gedling.gov.uk/online-applications/
S12000049,Glasgow City,Glasgow City,https://publicaccess.glasgow.gov.uk/online-applications/
E07000081,Gloucester,Gloucester,https://planning.gloucestershire.gov.uk/publicaccess/
E07000088,Gosport,Gosport,https://publicaccess.gosport.gov.uk/online-applications/
E07000109,Gravesham,Gravesham,https://plan.gravesham.gov.uk/online-applications/
E09000011,Greenwich,Greenwich,https://planning.royalgreenwich.gov.uk/online-applications/
E07000209,Guildford,Guildford,https://publicaccess.guildford.gov.uk/online-applications/
E07000164,Hambleton,Hambleton,https://planning.hambleton.gov.uk/online-applications/
E09000013,Hammersmith and Fulham,Hammersmith and Fulham,https://public-access.lbhf.gov.uk/online-applications/
E07000131,Harborough,Harborough,https://pa2.harborough.gov.uk/online-applications/
E07000073,Harlow,Harlow,https://planningonline.harlow.gov.uk/online-applications/
E07000165,Harrogate,Harrogate,https://uniformonline.harrogate.gov.uk/online-applications/
E07000089,Hart,Hart,https://publicaccess.hart.gov.uk/online-applications/
E07000062,Hastings,Hastings,https://publicaccess.hastings.gov.uk/online-applications/
E07000090,Havant,Havant,https://planningpublicaccess.havant.gov.uk/online-applications/
E07000098,Hertsmere,Hertsmere,https://www6.hertsmere.gov.uk/online-applications/
S12000017,Highland,Highland,https://wam.highland.gov.uk/wam/
E07000132,Hinckley and Bosworth,Hinckley and Bosworth,https://pa.hinckley-bosworth.gov.uk/online-applications/
E07000227,Horsham,Horsham,https://public-access.horsham.gov.uk/public-access/
E07000011,Huntingdonshire,Huntingdonshire,https://publicaccess.huntingdonshire.gov.uk/online-applications/
S12000018,Inverclyde,Inverclyde,https://planning.inverclyde.gov.uk/Online/
E06000046,Isle of Wight,Isle of Wight,https://publicaccess.iow.gov.uk/online-applications/
E07000146,Kings Lynn and West Norfolk,King's Lynn and West Norfolk,https://online.west-norfolk.gov.uk/online-applications/
E06000010,Kingston upon Hull, City of,Kingston upon Hull, City of,https://www.hullcc.gov.uk/padcbc/publicaccess-live/
E09000021,Kingston upon Thames,Kingston upon Thames,https://publicaccess.kingston.gov.uk/online-applications/
E08000011,Knowsley,Knowsley,https://planapp.knowsley.gov.uk/online-applications/
E09000022,Lambeth,Lambeth,https://planning.lambeth.gov.uk/online-applications/
E07000121,Lancaster,Lancaster,https://planning.lancaster.gov.uk/online-applications/
E08000035,Leeds,Leeds,https://publicaccess.leeds.gov.uk/online-applications/
E09000023,Lewisham,Lewisham,https://planning.lewisham.gov.uk/online-applications/
E07000194,Lichfield,Lichfield,https://planning.lichfielddc.gov.uk/online-applications/
E07000138,Lincoln,Lincoln,https://development.lincoln.gov.uk/online-applications/
S13003122,Loch Lomond,Loch Lomond and The Trossachs National Park Authority,https://eplanning.lochlomond-trossachs.org/OnlinePlanning/
E06000032,Luton,Luton,https://planning.luton.gov.uk/online-applications/
E07000074,Maldon,Maldon,https://publicaccess.maldon.gov.uk/online-applications/
E08000003,Manchester,Manchester,https://pa.manchester.gov.uk/online-applications/
E07000174,Mansfield,Mansfield,https://planning.mansfield.gov.uk/online-applications/
E06000035,Medway,Medway,https://publicaccess1.medway.gov.uk/online-applications/
E07000133,Melton,Melton,https://pa.melton.gov.uk/online-applications/
E07000187,Mendip,Mendip,https://publicaccess.mendip.gov.uk/online-applications/
W06000024,Merthyr Tydfil,Merthyr Tydfil,https://publicaccess.merthyr.gov.uk/online-applications/
E07000042,Mid Devon,Mid Devon,https://planning.middevon.gov.uk/online-applications/
E07000110,Maidstone and Swale,Maidstone and Swale,https://pa.midkent.gov.uk/online-applications/
E07000228,Mid Sussex,Mid Sussex,https://pa.midsussex.gov.uk/online-applications/
S12000019,Midlothian,Midlothian,https://planning-applications.midlothian.gov.uk/OnlinePlanning/
E06000042,Milton Keynes,Milton Keynes,https://publicaccess2.milton-keynes.gov.uk/online-applications/
W06000021,Monmouthshire,Monmouthshire,https://planningonline.monmouthshire.gov.uk/online-applications/
S12000020,Moray,Moray,https://publicaccess.moray.gov.uk/eplanning/
W06000012,Neath Port Talbot,Neath Port Talbot,https://planningonline.npt.gov.uk/online-applications/
E07000091,New Forest,New Forest,https://planning.newforest.gov.uk/online-applications/
E07000175,Newark and Sherwood,Newark and Sherwood,https://publicaccess.newark-sherwooddc.gov.uk/online-applications/
E07000195,Newcastle-under-Lyme,Newcastle-under-Lyme,https://publicaccess.newcastle-staffs.gov.uk/online-applications/
E09000025,Newham,Newham,https://pa.newham.gov.uk/online-applications/
W06000022,Newport,Newport,https://licensing.newport.gov.uk/online-applications/
S12000021,North Ayrshire,North Ayrshire,https://www.eplanning.north-ayrshire.gov.uk/OnlinePlanning/
E07000038,North East Derbyshire,North East Derbyshire,https://planapps-online.ne-derbyshire.gov.uk/online-applications/
E07000038,North East Derbyshire,North East Derbyshire,https://planapps-online.ne-derbyshire.gov.uk/online-applications/
E06000012,North East Lincolnshire,North East Lincolnshire,http://planninganddevelopment.nelincs.gov.uk/online-applications/
E07000099,North Hertfordshire,North Hertfordshire,https://pa2.north-herts.gov.uk/online-applications/
E07000139,North Kesteven,North Kesteven,https://planningonline.n-kesteven.gov.uk/online-applications/
S12000050,North Lanarkshire,North Lanarkshire,https://eplanning.northlanarkshire.gov.uk/online-applications/
E07000147,North Norfolk,North Norfolk,https://idoxpa.north-norfolk.gov.uk/online-applications/
E06000061,North Northamptonshire,North Northamptonshire,https://publicaccess.east-northamptonshire.gov.uk/online-applications/
E06000024,North Somerset,North Somerset,https://planning.n-somerset.gov.uk/online-applications/
E08000022,North Tyneside,North Tyneside,https://idoxpublicaccess.northtyneside.gov.uk/online-applications/
E07000134,North West Leicestershire,North West Leicestershire,https://plans.nwleics.gov.uk/public-access/
E06000057,Northumberland,Northumberland,https://publicaccess.northumberland.gov.uk/online-applications/
E07000148,Norwich,Norwich,https://planning.norwich.gov.uk/online-applications/
E06000018,Nottingham,Nottingham,https://publicaccess.nottinghamcity.gov.uk/online-applications/
E07000135,Oadby and Wigston,Oadby and Wigston,https://pa.oadby-wigston.gov.uk/online-applications/
E08000004,Oldham,Oldham,https://planningpa.oldham.gov.uk/online-applications/
S12000023,Orkney Islands,Orkney Islands,https://planningandwarrant.orkney.gov.uk/online-applications/
E07000178,Oxford,Oxford,https://public.oxford.gov.uk/online-applications/
E07000122,Pendle,Pendle,https://publicaccess.pendle.gov.uk/online-applications/
S12000048,Perth and Kinross,Perth and Kinross,https://planningapps.pkc.gov.uk/online-applications/
E06000031,Peterborough,Peterborough,https://planpa.peterborough.gov.uk/online-applications/
E06000026,Plymouth,Plymouth,https://planning.plymouth.gov.uk/online-applications/
E06000044,Portsmouth,Portsmouth,https://publicaccess.portsmouth.gov.uk/online-applications/
W06000023,Powys,Powys,https://pa.powys.gov.uk/online-applications/
E07000236,Redditch,Redditch,https://publicaccess.bromsgroveandredditch.gov.uk/online-applications/
E07000211,Reigate and Banstead,Reigate and Banstead,https://planning.reigate-banstead.gov.uk/online-applications/
S12000038,Renfrewshire,Renfrewshire,https://pl-bs.renfrewshire.gov.uk/online-applications/
W06000016,Rhondda Cynon Taf,Rhondda Cynon Taf,https://planningonline.rctcbc.gov.uk/online-applications/
E07000166,Richmondshire,Richmondshire,https://planning.richmondshire.gov.uk/online-applications/
E08000005,Rochdale,Rochdale,https://publicaccess.rochdale.gov.uk/online-applications/
E07000125,Rossendale,Rossendale,https://publicaccess.rossendale.gov.uk/online-applications/
E07000176,Rushcliffe,Rushcliffe,https://planningon-line.rushcliffe.gov.uk/online-applications/
E07000092,Rushmoor,Rushmoor,https://publicaccess.rushmoor.gov.uk/online-applications/
E06000017,Rutland,Rutland,https://publicaccess.rutland.gov.uk/online-applications/
E07000167,Ryedale,Ryedale,https://planningregister.ryedale.gov.uk/caonline-applications/
E08000006,Salford,Salford,https://publicaccess.salford.gov.uk/publicaccess/
E08000028,Sandwell,Sandwell,https://webcaps.sandwell.gov.uk/publicaccess/
E07000168,Scarborough,Scarborough,https://planning.scarborough.gov.uk/online-applications/
S12000026,Scottish Borders,Scottish Borders,https://eplanning.scotborders.gov.uk/online-applications/
E08000014,Sefton,Sefton,https://pa.sefton.gov.uk/online-applications/
E07000169,Selby,Selby,https://public.selby.gov.uk/online-applications/
E07000111,Sevenoaks,Sevenoaks,https://pa.sevenoaks.gov.uk/online-applications/
E08000019,Sheffield,Sheffield,https://planningapps.sheffield.gov.uk/online-applications/
S12000027,Shetland Islands,Shetland Islands,https://pa.shetland.gov.uk/online-applications/
E06000051,Shropshire,Shropshire,https://pa.shropshire.gov.uk/online-applications/
E08000029,Solihull,Solihull,https://publicaccess.solihull.gov.uk/online-applications/
E07000246,Somerset West and Taunton,Somerset West and Taunton,https://www1.somersetwestandtaunton.gov.uk/online-applications/
S12000028,South Ayrshire,South Ayrshire,https://publicaccess.south-ayrshire.gov.uk/online-applications/
E07000012,South Cambridgeshire,South Cambridgeshire,https://applications.greatercambridgeplanning.org/online-applications/
E06000025,South Gloucestershire,South Gloucestershire,https://developments.southglos.gov.uk/online-applications/
S12000029,South Lanarkshire,South Lanarkshire,https://publicaccess.southlanarkshire.gov.uk/online-applications/
E07000149,South Norfolk,South Norfolk,https://info.south-norfolk.gov.uk/online-applications/
E07000126,South Ribble,South Ribble,https://publicaccess.southribble.gov.uk/online-applications/
E07000189,South Somerset,South Somerset,https://publicaccess.southsomerset.gov.uk/online-applications/
E07000196,South Staffordshire,South Staffordshire,https://planning.sstaffs.gov.uk/online-applications/
E06000045,Southampton,Southampton,https://planningpublicaccess.southampton.gov.uk/online-applications/
E06000033,Southend-on-Sea,Southend-on-Sea,https://publicaccess.southend.gov.uk/online-applications/
E09000028,Southwark,Southwark,https://planning.southwark.gov.uk/online-applications/
E08000013,St. Helens,St. Helens,https://publicaccess.sthelens.gov.uk/online-applications/
E07000197,Stafford,Stafford,https://www12.staffordbc.gov.uk/online-applications/
E07000243,Stevenage,Stevenage,https://publicaccess.stevenage.gov.uk/online-applications/
S12000030,Stirling,Stirling,https://pabs.stirling.gov.uk/online-applications/
E08000007,Stockport,Stockport,https://planning.stockport.gov.uk/PlanningData-live/
E06000004,Stockton-on-Tees,Stockton-on-Tees,https://developmentmanagement.stockton.gov.uk/online-applications/
E06000021,Stoke-on-Trent,Stoke-on-Trent,https://planning.stoke.gov.uk/online-applications/
E07000082,Stroud,Stroud,https://publicaccess.stroud.gov.uk/online-applications/
E08000024,Sunderland,Sunderland,https://online-applications.sunderland.gov.uk/online-applications/
E07000214,Surrey Heath,Surrey Heath,https://publicaccess.surreyheath.gov.uk/online-applications/
E09000029,Sutton,Sutton,https://planningregister.sutton.gov.uk/online-applications/
W06000011,Swansea,Swansea,https://property.swansea.gov.uk/online-applications/
E06000030,Swindon,Swindon,https://pa1.swindon.gov.uk/publicaccess/
E08000008,Tameside,Tameside,https://publicaccess.tameside.gov.uk/online-applications/
E07000076,Tendring,Tendring,https://idox.tendringdc.gov.uk/online-applications/
E07000093,Test Valley,Test Valley,https://view-applications.testvalley.gov.uk/online-applications/
E07000083,Tewkesbury,Tewkesbury,https://publicaccess.tewkesbury.gov.uk/online-applications/
E07000114,Thanet,Thanet,https://planning.thanet.gov.uk/online-applications/
S12000017,The Highland,The Highland,https://wam.highland.gov.uk/wam/
E07000102,Three Rivers,Three Rivers,https://www3.threerivers.gov.uk/online-applications/
E06000034,Thurrock,Thurrock,https://regs.thurrock.gov.uk/online-applications/
E07000115,Tonbridge and Malling,Tonbridge and Malling,https://publicaccess2.tmbc.gov.uk/online-applications/
E06000027,Torbay,Torbay,https://publicaccess.torbay.gov.uk/view/
W06000020,Torfaen,Torfaen,https://planningonline.torfaen.gov.uk/online-applications/
E07000046,Torridge,Torridge,https://publicaccess.torridge.gov.uk/online-applications/
E09000030,Tower Hamlets,Tower Hamlets,https://development.towerhamlets.gov.uk/online-applications/
E08000009,Trafford,Trafford,https://pa.trafford.gov.uk/online-applications/
E07000116,Tunbridge Wells,Tunbridge Wells,https://twbcpa.midkent.gov.uk/online-applications/
E07000077,Uttlesford,Uttlesford,https://publicaccess.uttlesford.gov.uk/online-applications/
E08000036,Wakefield,Wakefield,https://planning.wakefield.gov.uk/online-applications/
E07000222,Warwick,Warwick,https://planningdocuments.warwickdc.gov.uk/online-applications/
E07000103,Watford,Watford,https://pa.watford.gov.uk/publicaccess/
E06000037,West Berkshire,West Berkshire,https://publicaccess.westberks.gov.uk/online-applications/
E06000061,Wellingborough,Wellingborough,https://publicaccess.wellingborough.gov.uk/online-applications/
E06000037,West Berkshire,West Berkshire,https://publicaccess.westberks.gov.uk/online-applications/
S12000013,West Island Council,West Island Council,https://planning.cne-siar.gov.uk/PublicAccess/
E07000127,West Lancashire,West Lancashire,https://pa.westlancs.gov.uk/online-applications/
S12000040,West Lothian,West Lothian,https://planning.westlothian.gov.uk/publicaccess/
E07000181,West Oxfordshire,West Oxfordshire,https://publicaccess.westoxon.gov.uk/online-applications/
E07000245,West Suffolk,West Suffolk,https://planning.westsuffolk.gov.uk/online-applications/
E09000033,Westminster,Westminster,https://idoxpa.westminster.gov.uk/online-applications/
E08000010,Wigan,Wigan,https://planning.wigan.gov.uk/online-applications/
E07000094,Winchester,Winchester,https://planningapps.winchester.gov.uk/online-applications/
E06000040,Windsor and Maidenhead,Windsor and Maidenhead,https://publicaccess.rbwm.gov.uk/online-applications/
E07000217,Woking,Woking,https://caps.woking.gov.uk/online-applications/
E06000060,Wycombe,Wycombe,https://publicaccess.wycombe.gov.uk/idoxpa-web/
E08000031,Wolverhampton,Wolverhampton,http://planningonline.wolverhampton.gov.uk/online-applications/
E07000128,Wyre,Wyre,https://publicaccess.wyre.gov.uk/online-applications/
E07000239,Wyre Forest,Wyre Forest,https://planningpa.wyreforestdc.gov.uk/online-applications/
E06000014,York,York,https://planningaccess.york.gov.uk/online-applications/
